"","word1","word2","n"
"1","image","quality",18
"2","provided","image",18
"3","republican","party",16
"4","patent","office",15
"5","u.s","patent",15
"6","labor","party",12
"7","image","note",11
"8","registered","u.s",11
"9","federal","aid",10
"10","roll","calls",10
"11","text","version",9
"12","afl","cio",8
"13","democratic","party",8
"14","federal","government",8
"15","national","committee",8
"16","vice","president",8
"17","labor","unions",7
"18","minor","inaccuracies",7
"19","column","layout",6
"20","newsweek","november",6
"21","newsweek","september",6
"22","perspective","registered",6
"23","rural","electrification",6
"24","british","socialists",5
"25","class","struggle",5
"26","congressional","quarterly",5
"27","newsweek","december",5
"28","newsweek","october",5
"29","potential","voters",5
"30","remain","due",5
"31","republican","candidates",5
"32","social","security",5
"33","text","extraction",5
"34","adlai","stevenson",4
"35","association","pressure",4
"36","assorted","lot",4
"37","blue","chip",4
"38","campaign","gaitskell",4
"39","cent","rate",4
"40","conservative","democrats",4
"41","divided","world",4
"42","eisenhower","administration",4
"43","farm","plans",4
"44","henry","wallace",4
"45","ill","assorted",4
"46","investor","owned",4
"47","local","organization",4
"48","lord","woolton",4
"49","los","angeles",4
"50","owned","companies",4
"51","party","organization",4
"52","press","conference",4
"53","private","investors",4
"54","red","china",4
"55","spectacular","growth",4
"56","trade","association",4
"57","wall","street",4
"58","armistice","day",3
"59","chairman","hall",3
"60","cio","committee",3
"61","communist","issue",3
"62","congressional","record",3
"63","dog","days",3
"64","election","campaign",3
"65","government","spending",3
"66","income","taxes",3
"67","liberal","democrats",3
"68","liberal","party",3
"69","middle","west",3
"70","minor","inconsistencies",3
"71","minor","overlaps",3
"72","national","policy",3
"73","newsweek","august",3
"74","newsweek","january",3
"75","ocr","limitations",3
"76","political","education",3
"77","political","influence",3
"78","political","labor",3
"79","private","insurance",3
"80","public","opinion",3
"81","public","power",3
"82","republican","national",3
"83","senator","schoeppel",3
"84","socialist","party",3
"85","soviet","russia",3
"86","stevenson","kefauver",3
"87","tax","cuts",3
"88","text","extracted",3
"89","war","effort",3
"90","white","house",3
"91","abnormal","manifestation",2
"92","active","labor",2
"93","active","local",2
"94","actual","fourth",2
"95","ad","lib",2
"96","advantages","compromise",2
"97","agricultural","genius",2
"98","ah","communism",2
"99","amateur","university",2
"100","american","achievement",2
"101","american","army",2
"102","american","government",2
"103","american","liberal",2
"104","american","liberals",2
"105","american","political",2
"106","american","workers",2
"107","anachronism","italy",2
"108","aneurin","bevan",2
"109","angeles","platform",2
"110","announcement","soviet",2
"111","antiquated","concepts",2
"112","appeal","based",2
"113","appeal","tranquilizes",2
"114","appeal","utterly",2
"115","appreciably","increase",2
"116","argued","americans",2
"117","arid","wastes",2
"118","armchair","doctrinaire",2
"119","army","officer",2
"120","astonishing","assertion",2
"121","bankers","investors",2
"122","behavior","pattern",2
"123","bevan","trade",2
"124","bitter","haters",2
"125","boating","swimming",2
"126","bovine","classification",2
"127","brimming","financial",2
"128","british","conservatives",2
"129","british","election",2
"130","british","electorate",2
"131","british","labor",2
"132","british","people",2
"133","british","refused",2
"134","brought","victory",2
"135","budget","director",2
"136","business","class",2
"137","business","school",2
"138","call","switch",2
"139","called","liberals",2
"140","campaign","committees",2
"141","candidate","defeated",2
"142","candidate","stevenson",2
"143","capehart","dealer",2
"144","capital","community",2
"145","cargo","plane",2
"146","cargo","planes",2
"147","cent","half",2
"148","cent","paid",2
"149","chief","beneficiaries",2
"150","chief","justice",2
"151","chip","industrial",2
"152","chip","pool",2
"153","christian","democrats",2
"154","civil","war",2
"155","class","appeal",2
"156","class","distinctions",2
"157","class","division",2
"158","class","party",2
"159","classified","cows",2
"160","collective","farms",2
"161","columbia","basin",2
"162","column","structure",2
"163","committed","socialists",2
"164","committee","meets",2
"165","common","sense",2
"166","complete","records",2
"167","component","elements",2
"168","congressional","district",2
"169","congressional","districts",2
"170","conservative","candidate",2
"171","conservatives","fought",2
"172","considerable","poverty",2
"173","constant","inflow",2
"174","cooperative","association",2
"175","cooperatives","choose",2
"176","county","illinois",2
"177","cross","breeding",2
"178","cynically","coveted",2
"179","czarist","russia",2
"180","dairy","farm",2
"181","deadly","competition",2
"182","deathless","fourth",2
"183","definable","choice",2
"184","democratic","committee",2
"185","democratic","support",2
"186","democratic","union",2
"187","democrats","opposed",2
"188","department","explained",2
"189","deputy","premier",2
"190","die","surely",2
"191","difficult","due",2
"192","discredited","appeals",2
"193","doctrinaire","fabians",2
"194","dozen","labor's",2
"195","dream","recently",2
"196","duly","capitalized",2
"197","earlier","article",2
"198","earned","surplus",2
"199","economic","illusions",2
"200","economic","miracle",2
"201","economists","offer",2
"202","economy","votes",2
"203","educational","novelties",2
"204","efficient","party",2
"205","eighteen","months",2
"206","eisenhower","cynically",2
"207","election","day",2
"208","election","offers",2
"209","election","officials",2
"210","election","proved",2
"211","electorate","weary",2
"212","electric","cooperative",2
"213","electrical","cooperatives",2
"214","electrification","administration",2
"215","ellis","dream",2
"216","ellis","proposed",2
"217","excessive","abuse",2
"218","extra","effort",2
"219","extracted","text",2
"220","factual","argument",2
"221","false","analogy",2
"222","false","elixir",2
"223","farm","expert",2
"224","farm","program",2
"225","farmer's","milkhouse",2
"226","fashioned","local",2
"227","fat","majority",2
"228","federal","control",2
"229","federal","expenditures",2
"230","federal","hydroelectric",2
"231","fever","heat",2
"232","fewer","cattle",2
"233","financial","position",2
"234","fine","public",2
"235","foolhardy","venture",2
"236","ford","foundation",2
"237","forthcoming","conference",2
"238","fought","hard",2
"239","fourth","branch",2
"240","fourth","rejection",2
"241","free","status",2
"242","free","world",2
"243","frequently","mentioned",2
"244","function","similar",2
"245","future","reflection",2
"246","gamble","americans",2
"247","governing","britain",2
"248","government","benefits",2
"249","government","build",2
"250","government","ownership",2
"251","government","power",2
"252","grade","blue",2
"253","gradual","reduction",2
"254","greatly","increased",2
"255","growing","middle",2
"256","hard","hitting",2
"257","hardhanded","practical",2
"258","hit","hard",2
"259","hitting","produces",2
"260","horned","cattle",2
"261","hospital","readers",2
"262","hostile","arid",2
"263","housing","slum",2
"264","hugh","gaitskell",2
"265","human","behavior",2
"266","humphrey","price",2
"267","hydroelectric","projects",2
"268","hypothetical","increase",2
"269","ideas","rejected",2
"270","ill","fitted",2
"271","illimitable","profits",2
"272","imagination","coupled",2
"273","immediately","consigned",2
"274","impossible","compromises",2
"275","income","tax",2
"276","incredible","political",2
"277","independent","government",2
"278","individual","income",2
"279","industrial","bonds",2
"280","internal","malaise",2
"281","internal","security",2
"282","investment","account",2
"283","investment","operation",2
"284","investment","opportunities",2
"285","investors","contractors",2
"286","jointed","illustrated",2
"287","jolly","slav",2
"288","joseph","martin",2
"289","juggling","act",2
"290","julius","hirsch",2
"291","k's","rise",2
"292","k's","travels",2
"293","khrushchev","rose",2
"294","labor","union",2
"295","largest","corporations",2
"296","leaving","hugh",2
"297","led","collectively",2
"298","lending","money",2
"299","liberal","legislation",2
"300","liberal","wing",2
"301","liberals","led",2
"302","lobby","called",2
"303","local","officials",2
"304","low","yield",2
"305","lower","taxes",2
"306","machinery","centers",2
"307","maintaining","party",2
"308","major","alternative",2
"309","major","factor",2
"310","major","profit",2
"311","mares","resumed",2
"312","marginal","democratic",2
"313","marxist","goals",2
"314","mass","production",2
"315","master","plan",2
"316","maturing","investments",2
"317","middle","income",2
"318","military","preparedness",2
"319","minor","formatting",2
"320","miracle","belongs",2
"321","miracle","wallace",2
"322","modest","returns",2
"323","month","renounced",2
"324","monumental","sweep",2
"325","moral","element",2
"326","multiplying","production",2
"327","mystical","henry",2
"328","mystical","overtones",2
"329","mythical","national",2
"330","nation","eviscerated",2
"331","national","candidates",2
"332","national","chairman",2
"333","national","level",2
"334","national","rural",2
"335","national","ticket",2
"336","national","tickets",2
"337","neglected","london",2
"338","newsweek","july",2
"339","newsweek","persp",2
"340","newsweek's","harry",2
"341","nreca","clyde",2
"342","offered","differences",2
"343","offs","macmillan",2
"344","opinion","polls",2
"345","opposition","votes",2
"346","oregon","washington",2
"347","organization","built",2
"348","original","column",2
"349","original","formatting",2
"350","original","purpose",2
"351","ownership","fade",2
"352","parliamentary","minority",2
"353","partnership","policy",2
"354","party","frustrates",2
"355","party","lines",2
"356","party","machinery",2
"357","party","suited",2
"358","party","vigor",2
"359","past","leaving",2
"360","perfect","accuracy",2
"361","personal","appeal",2
"362","personal","responsibility",2
"363","perspective","u.s",2
"364","photographed","amid",2
"365","political","campaigns",2
"366","political","lawyers",2
"367","political","phantoms",2
"368","political","revolution",2
"369","politically","active",2
"370","polling","business",2
"371","potomac","paradise",2
"372","potomac","river",2
"373","power","monopoly",2
"374","practical","advantages",2
"375","practical","colleagues",2
"376","practical","people",2
"377","premier","visited",2
"378","president","eisenhower",2
"379","president's","veto",2
"380","pressure","lobby",2
"381","pressure","organization",2
"382","price","bill",2
"383","private","investor",2
"384","produces","apathy",2
"385","produces","excitement",2
"386","profound","obligation",2
"387","progressive","agriculture",2
"388","promises","illimitable",2
"389","promises","lower",2
"390","promoters","political",2
"391","propaganda","duly",2
"392","prostrate","liberal",2
"393","provide","boating",2
"394","provide","federal",2
"395","public","housing",2
"396","public","servant",2
"397","published","memoirs",2
"398","purpose","permitted",2
"399","push","rural",2
"400","quietly","moving",2
"401","radical","vote",2
"402","rain","falls",2
"403","reasonable","portion",2
"404","recently","proposed",2
"405","recently","published",2
"406","reform","movement",2
"407","regain","power",2
"408","remote","farmers",2
"409","renounced","marxism",2
"410","reporters","threw",2
"411","republican","campaign",2
"412","republican","counties",2
"413","republican","leaders",2
"414","republican","support",2
"415","republicans","supplied",2
"416","residence","requirements",2
"417","respective","chairmen",2
"418","responsible","freedom",2
"419","responsible","party",2
"420","rich","windfalls",2
"421","river","project",2
"422","roosevelt","term",2
"423","rural","electric",2
"424","rural","electrical",2
"425","russia","specialists",2
"426","russian","officer",2
"427","russian","trait",2
"428","safely","governed",2
"429","savings","account",2
"430","school","construction",2
"431","secretary","benson",2
"432","semi","desert",2
"433","servant","secretary",2
"434","services","housing",2
"435","shaw","economists",2
"436","short","personal",2
"437","short","term",2
"438","single","system's",2
"439","slum","clearance",2
"440","social","democrats",2
"441","social","services",2
"442","socialists","alike",2
"443","soft","appeal",2
"444","soil","bank",2
"445","soviet","juggling",2
"446","soviet","photographers",2
"447","soviet","reporters",2
"448","space","permits",2
"449","stainless","steel",2
"450","stalin's","death",2
"451","static","electorate",2
"452","statistical","pigs",2
"453","statistical","successes",2
"454","statistically","transformed",2
"455","street","financing",2
"456","strong","active",2
"457","supreme","court",2
"458","surplus","rose",2
"459","swimming","picnicking",2
"460","switch","offs",2
"461","system's","program",2
"462","taft","hartley",2
"463","talents","henry",2
"464","tax","free",2
"465","tax","relief",2
"466","term","governments",2
"467","term","low",2
"468","terrible","fiascoes",2
"469","time","heavily",2
"470","tokyo","hospital",2
"471","total","earned",2
"472","tourist","trade",2
"473","tracts","east",2
"474","trade","unionists",2
"475","trade","unions",2
"476","trade","west",2
"477","tva","model",2
"478","u.s","house",2
"479","unfolding","picture",2
"480","unionists","welfare",2
"481","university","intellectuals",2
"482","unusual","function",2
"483","urban","renewal",2
"484","utterly","failed",2
"485","vast","imagination",2
"486","vast","investment",2
"487","vast","scheme",2
"488","vast","tracts",2
"489","vincent","astor",2
"490","voters","increases",2
"491","votes","cast",2
"492","wage","earners",2
"493","walter","reuther",2
"494","washington","lobby",2
"495","watchful","eye",2
"496","weariness","impatience",2
"497","webbs","bitter",2
"498","weeks","ago",2
"499","welfare","workers",2
"500","west","germany",2
"501","west","newsweek's",2
"502","western","allies",2
"503","wholesome","character",2
"504","wholly","abnormal",2
"505","wide","publicity",2
"506","wide","similarity",2
"507","window","ledge",2
"508","wonderful","farm",2
"509","workers","amateur",2
"510","workers","nationalization",2
"511","yield","governments",2
"512","york","bank",2
"513","aa","newsweek",1
"514","abandoning","job",1
"515","abolishing","income",1
"516","abolishing","poverty",1
"517","absentee","ballots",1
"518","abstention","republican",1
"519","abundant","evidence",1
"520","academic","freedom",1
"521","accelerated","growth",1
"522","accelerating","drop",1
"523","acceptable","method",1
"524","acceptle","ance",1
"525","accounting","act",1
"526","accurate","pre",1
"527","accurately","designed",1
"528","achieving","economic",1
"529","acquiescence","permitted",1
"530","active","candidates",1
"531","actual","physical",1
"532","actual","revenues",1
"533","acute","foreign",1
"534","acutely","sensitive",1
"535","ada","coalithus",1
"536","added","challenge",1
"537","additional","easy",1
"538","additional","party",1
"539","additional","strength",1
"540","additional","text",1
"541","address","published",1
"542","adequate","money",1
"543","adequate","supply",1
"544","administration","countless",1
"545","administration","vigorously",1
"546","administration's","insistence",1
"547","administration’s","power",1
"548","administrators","settle",1
"549","advocate","recognition",1
"550","aeial","u.s",1
"551","affect","voters",1
"552","affiliation","democratic",1
"553","afl","cio’s",1
"554","age","foundation’s",1
"555","aged","persons",1
"556","agencies","publish",1
"557","aggression","eisenhower",1
"558","ago","established",1
"559","agrarian","expert",1
"560","agricultural","policies",1
"561","agricultural","regions",1
"562","airplane","industry",1
"563","aj","invalid",1
"564","ak","governors",1
"565","albert","nash",1
"566","alcorn","program",1
"567","alcorn’s","suggestion",1
"568","alien","property",1
"569","alike","burden",1
"570","alike","en",1
"571","alike","encourage",1
"572","alleged","improper",1
"573","allegedly","independent",1
"574","alleviate","human",1
"575","aloud","kennedy",1
"576","alton","brooks",1
"577","american","aid",1
"578","american","astor",1
"579","american","children",1
"580","american","citizen",1
"581","american","citizens",1
"582","american","civilians",1
"583","american","colonies",1
"584","american","enterprise",1
"585","american","habit",1
"586","american","herit",1
"587","american","heritage",1
"588","american","military",1
"589","american","minds",1
"590","american","party",1
"591","american","people",1
"592","american","policy",1
"593","american","revolution",1
"594","americans","east",1
"595","americans","killed",1
"596","amount","annually",1
"597","ampaign","orators",1
"598","analogy","congressman",1
"599","ance","speech",1
"600","ancient","concept",1
"601","annual","messages",1
"602","annual","regional",1
"603","anonymous","bureaucrat",1
"604","answered","don’t",1
"605","anthony","leviero",1
"606","anti","labor",1
"607","anticipated","growth",1
"608","ap","quoted",1
"609","apap","ak",1
"610","apartment","house",1
"611","apparent","unable",1
"612","appeared","newsweek",1
"613","applying","federal",1
"614","appointed","officer",1
"615","appointive","offices",1
"616","apprehensions","party",1
"617","apprenu.s","patent",1
"618","approximately","threeof",1
"619","april","meeting",1
"620","ar","ce",1
"621","ar","frauds",1
"622","ard","comment",1
"623","ardent","patriotism",1
"624","aridrew","schoeppel",1
"625","aristocrat","jefferson",1
"626","arthur","krock",1
"627","article","seemingly",1
"628","as_","chores",1
"629","asia","africa",1
"630","assembly","republicans",1
"631","assistance","grants",1
"632","assistance","recipients",1
"633","assured","security",1
"634","astor","lived",1
"635","astor","opposed",1
"636","astor's","heart",1
"637","ate","study",1
"638","atomic","quest",1
"639","attack","bureauitis",1
"640","attack","rests",1
"641","attendance","age",1
"642","attending","school",1
"643","attractive","candidates",1
"644","attractive","countryside",1
"645","auguration","dies",1
"646","august","kennedy",1
"647","australia","hawaii",1
"648","authentic","leaders",1
"649","authorize","henry",1
"650","automatic","milker",1
"651","automation","foreign",1
"652","automobile","industry",1
"653","autumn","days",1
"654","average","citizen",1
"655","average","conservative",1
"656","averaged","million",1
"657","avoid","overlapping",1
"658","avoid","predictions",1
"659","awful","decisions",1
"660","ay","olan",1
"661","bad","manners",1
"662","bag","campaign",1
"663","balanced","chronic",1
"664","ball","minnesota",1
"665","ballots","regarded",1
"666","barred","battered",1
"667","barring","war",1
"668","baseball","aver",1
"669","basic","designs",1
"670","basic","element",1
"671","basic","organization",1
"672","basic","rate",1
"673","basic","unit",1
"674","basin","approximately",1
"675","befell","thomas",1
"676","believes","destiny",1
"677","beloved","president",1
"678","benefits","paid",1
"679","bennett","dewey",1
"680","bennion","committee",1
"681","benson","agricultural",1
"682","benson","farm",1
"683","bernard","baruch",1
"684","bethe","people",1
"685","bewildering","variety",1
"686","biennial","elections",1
"687","bigger","planes",1
"688","bill","died",1
"689","bill","recognizes",1
"690","billion","increases",1
"691","billion","raised",1
"692","billions","undertake",1
"693","billy","graham",1
"694","bipartisan","statistical",1
"695","bishi","ops",1
"696","bitter","indignation",1
"697","bitter","memory",1
"698","bitterly","opposed",1
"699","blatant","examples",1
"700","blind","acceptance",1
"701","board","aid",1
"702","board","neatly",1
"703","bonds","principle",1
"704","book","don’t",1
"705","book","filling",1
"706","book","pollsum",1
"707","borough","council",1
"708","borough","labor",1
"709","borrowing","capacity",1
"710","bounty","economics",1
"711","breed","multitudes",1
"712","breton","legend",1
"713","brig","j.a",1
"714","bright","brave",1
"715","bring","fundamentally",1
"716","bristol","lives",1
"717","bristol","trade",1
"718","british","call",1
"719","british","elections",1
"720","british","model",1
"721","british","politics",1
"722","broad","tidal",1
"723","broke","precedent",1
"724","brooks","parker",1
"725","bruised","mon",1
"726","budget","cuts",1
"727","build","planes",1
"728","building","soundly",1
"729","burden","onstrate",1
"730","bush’s","warning",1
"731","business","administration",1
"732","business","community",1
"733","business","enterprise",1
"734","business","enterprises",1
"735","business","leaders",1
"736","business","management",1
"737","business","stress",1
"738","business","travelers",1
"739","businessmen","concerned",1
"740","butler","plan",1
"741","buy","pay",1
"742","buying","war",1
"743","byrd","told",1
"744","byrd’s","office",1
"745","cabinet","level",1
"746","cal","writers",1
"747","californ","fight",1
"748","california","governor",1
"749","california","republican",1
"750","call","analysis",1
"751","call","social",1
"752","called","independents",1
"753","called","society",1
"754","called","stat",1
"755","called","trust",1
"756","calls","permitted",1
"757","campaign","chairmen",1
"758","campaign","committee",1
"759","campaign","techniques",1
"760","campaign","workers",1
"761","campaigning","distinguish",1
"762","campaigning","methods",1
"763","campaigning","west",1
"764","candidate","dewey",1
"765","candidate","rely",1
"766","candidate","traveled",1
"767","candidate","whenhe",1
"768","candidate's","wife",1
"769","candidates","habit",1
"770","candidates","kennedy",1
"771","canyon","bill",1
"772","capehart","capehart",1
"773","capis","trano",1
"774","capital","gains",1
"775","capitalist","japan",1
"776","capricious","disorderly",1
"777","captain","astor's",1
"778","captive","workers",1
"779","car","television",1
"780","card","preferences",1
"781","care","benefits",1
"782","carefree","warren",1
"783","careful","perusal",1
"784","cargo","flying",1
"785","carried","california",1
"786","carry","fiscal",1
"787","cast","death",1
"788","casting","absentee",1
"789","catastrophic","illness",1
"790","catholic","bishi",1
"791","ce","candidate",1
"792","cent","corporate",1
"793","cent","nature",1
"794","cent","parity",1
"795","cent","patman",1
"796","cent","score",1
"797","century","ago",1
"798","century","nationalism",1
"799","cerebral","thrombosis",1
"800","chain","stores",1
"801","chairman","meade",1
"802","chairman’s","job",1
"803","chairmen","moley",1
"804","change","optimism",1
"805","charles","seymour",1
"806","chase","smith",1
"807","check","counties",1
"808","chicago","acceptle",1
"809","chicane","force",1
"810","chief","adviser",1
"811","chief","consulting",1
"812","chief","means",1
"813","chief","petty",1
"814","chief","proponent",1
"815","china","japan",1
"816","chinese","intervention",1
"817","choice","hard",1
"818","choice","tion",1
"819","chores","senators",1
"820","christian","churches",1
"821","chronick","conducted",1
"822","cial","patterns",1
"823","cio","news",1
"824","cio","resolution",1
"825","cio","selected",1
"826","cio","strategy",1
"827","cio’s","cope",1
"828","circumstance","offer",1
"829","cite","ay",1
"830","citizen","lost",1
"831","city","bennett",1
"832","city","block",1
"833","city","demoboss",1
"834","civilization","physical",1
"835","civilization","witness",1
"836","clacking","computer",1
"837","claim","credit",1
"838","class","henry",1
"839","claude","debussy",1
"840","clean","cut",1
"841","clements","douglas",1
"842","close","associates",1
"843","close","balance",1
"844","close","election",1
"845","close","loopholes",1
"846","close","numerous",1
"847","closely","japan’s",1
"848","clumsy","laws",1
"849","clumsy","politically",1
"850","coattail","riders",1
"851","coattails","broad",1
"852","cold","satisfaction",1
"853","collaborator","estes",1
"854","collect","timate",1
"855","collecting","tank",1
"856","college","lad",1
"857","colorado","note",1
"858","columbia","barring",1
"859","columbia","university",1
"860","column","separation",1
"861","columnar","layout",1
"862","combined","pay",1
"863","coming","election",1
"864","commission","reported",1
"865","commit","pollsum",1
"866","committed","nixon",1
"867","committee","failed",1
"868","committee","meeting",1
"869","committee","spread",1
"870","committeeman","december",1
"871","committeemen","harrison",1
"872","committee’s","job",1
"873","common","purpose",1
"874","communism","communists",1
"875","communism","politicians",1
"876","communist","believes",1
"877","communist","countries",1
"878","communist","declare",1
"879","communist","frontier",1
"880","communist","propaganda",1
"881","communist","terms",1
"882","communists","entered",1
"883","competitive","capitalism",1
"884","competitive","economic",1
"885","compilations","concerns",1
"886","compiling","records",1
"887","complete","agreement",1
"888","complete","analysis",1
"889","complete","answer",1
"890","complete","decentralization",1
"891","completed","transactions",1
"892","complex","system",1
"893","complex","task",1
"894","complicated","process",1
"895","complicated","technical",1
"896","comprehensive","revenue",1
"897","comprises","constit",1
"898","comprises","constituencies",1
"899","comprises","voting",1
"900","compulsion","including",1
"901","compulsory","attendance",1
"902","computer","machines",1
"903","computing","machines",1
"904","comwas","set",1
"905","con","science",1
"906","conceived","red",1
"907","concentrated","power",1
"908","concern","slichter's",1
"909","concerns","republican",1
"910","condition","coming",1
"911","conduct","research",1
"912","conducting","investi",1
"913","conference","board",1
"914","conference","richard",1
"915","conferences","devoted",1
"916","confidence","ah",1
"917","confidently","assume",1
"918","conflicting","farm",1
"919","confusing","versions",1
"920","congress","failed",1
"921","congress","including",1
"922","congress","sets",1
"923","congress","share",1
"924","congress","winning",1
"925","congresses","items",1
"926","congresses","opposed",1
"927","congresses","removal",1
"928","congressional","campaign",1
"929","congressional","duties",1
"930","congressional","probes",1
"931","congressional","seats",1
"932","congressman","patman",1
"933","congressman","simpson",1
"934","conservative","agent",1
"935","conservative","candidates",1
"936","conservative","constituency",1
"937","conservative","dem",1
"938","conservative","estimate",1
"939","conservative","fight",1
"940","conservative","office",1
"941","conservative","organiza",1
"942","conservative","organization",1
"943","conservatively","inclined",1
"944","conservatives","waste",1
"945","considerable","proportion",1
"946","considerable","return",1
"947","considerable","study",1
"948","considerable","time",1
"949","constituency","agent",1
"950","constituency","headquarters",1
"951","constituency","votes",1
"952","constituents","editorials",1
"953","constitutional","ar",1
"954","constitutional","convention",1
"955","constitutional","duty",1
"956","consulting","actuary",1
"957","contest","senator",1
"958","contested","districts",1
"959","continually","changing",1
"960","continue","spending",1
"961","contributing","editor",1
"962","control","control",1
"963","control","dr",1
"964","convention","strategy",1
"965","conversion","ee",1
"966","convert","democrats",1
"967","converting","republicans",1
"968","cook","county",1
"969","cool","autumn",1
"970","cope","chief",1
"971","cope","committee",1
"972","cope","line",1
"973","cope","victorious",1
"974","cope’s","harvest",1
"975","coronary","thrombosis",1
"976","corporate","income",1
"977","corporate","mind",1
"978","corporate","rates",1
"979","corporate","tax",1
"980","corporate","taxes",1
"981","corporation","ft",1
"982","corporation","shift",1
"983","corporation","tax",1
"984","corporation","taxes",1
"985","corporations","engaged",1
"986","correct","statement",1
"987","corroborative","materials",1
"988","corruption","personalities",1
"989","counties","voted",1
"990","countless","chinese",1
"991","countless","local",1
"992","countless","votes",1
"993","countries","ideology",1
"994","country","concern",1
"995","county","iil",1
"996","courtney","brown",1
"997","cover","elderly",1
"998","cowles","publications",1
"999","cozen","independents",1
"1000","cq","revised",1
"1001","crazy","federal",1
"1002","creased","activity",1
"1003","creative","conservative",1
"1004","criminal","justice",1
"1005","critical","materials",1
"1006","critical","moment",1
"1007","cronies","highballs",1
"1008","crowley","alien",1
"1009","crowning","mischief",1
"1010","culprit","destiny",1
"1011","curious","book",1
"1012","curious","mix",1
"1013","curious","public",1
"1014","current","craze",1
"1015","current","hapare",1
"1016","current","obsession",1
"1017","current","trend",1
"1018","cycle","official",1
"1019","daily","appearances",1
"1020","dan","throop",1
"1021","dangerous","rumor",1
"1022","daniel","webster",1
"1023","david","eccles",1
"1024","david","mccord",1
"1025","day","conference",1
"1026","day","elections",1
"1027","day","exhibition",1
"1028","day","press",1
"1029","day","satisfies",1
"1030","days","collect",1
"1031","days","missouri",1
"1032","days","soothe",1
"1033","deadly","enemies",1
"1034","deadly","opiate",1
"1035","deal","depart",1
"1036","deal","economists",1
"1037","deal","reelected",1
"1038","dealers","sinclairites",1
"1039","dearest","friends",1
"1040","death","resignation",1
"1041","debussy","painted",1
"1042","december","days",1
"1043","decisive","independ",1
"1044","decisive","minority",1
"1045","dedi","cated",1
"1046","deep","rity",1
"1047","deeply","concerned",1
"1048","deeply","religious",1
"1049","defeat","earnestly",1
"1050","defeat","edmund",1
"1051","defeat","senator",1
"1052","definitive","interpretation",1
"1053","delegating","responsibility",1
"1054","deliberately","franchise",1
"1055","democracy","safely",1
"1056","democracy's","exponent",1
"1057","democrat","sen",1
"1058","democratic","candidate",1
"1059","democratic","candidates",1
"1060","democratic","chairman",1
"1061","democratic","congress",1
"1062","democratic","counties",1
"1063","democratic","families",1
"1064","democratic","future",1
"1065","democratic","majority",1
"1066","democratic","organization",1
"1067","democratic","platform",1
"1068","democratic","primary",1
"1069","democratic","republican",1
"1070","democratic","senators",1
"1071","democratic","vote",1
"1072","democratic","votes",1
"1073","democrats","cast",1
"1074","democrats","march",1
"1075","democrats","supplied",1
"1076","democrats","voted",1
"1077","demoesatil","platform",1
"1078","denied","indiscriminate",1
"1079","dential","candidate",1
"1080","department","heads",1
"1081","depreciation","provision",1
"1082","des","moines",1
"1083","design","political",1
"1084","designated","spots",1
"1085","destroy","liberty",1
"1086","detailed","information",1
"1087","detailed","issues",1
"1088","determinism","wait",1
"1089","developing","hydroelectric",1
"1090","devout","communist",1
"1091","devoutly","hope",1
"1092","dewey","clare",1
"1093","dewey’s","million",1
"1094","didn’t","understand",1
"1095","died","kennedy",1
"1096","differs","fundamentally",1
"1097","dingy","inexpensive",1
"1098","dire","fate",1
"1099","direct","authority",1
"1100","direct","contradiction",1
"1101","direct","methods",1
"1102","directing","local",1
"1103","disability","confront",1
"1104","disabled","president",1
"1105","disaster","befell",1
"1106","discipline","oth",1
"1107","discipline","teachers",1
"1108","discourage","hard",1
"1109","discriminating","intelligence",1
"1110","disgraceful","exhibition",1
"1111","disorderly","thinking",1
"1112","distinguished","visitor",1
"1113","district","fresno",1
"1114","districts","republican",1
"1115","districts","switched",1
"1116","dividend","relief",1
"1117","doctrine","brought",1
"1118","domestic","concern",1
"1119","domestic","issues",1
"1120","domestic","reform",1
"1121","donald","nelson",1
"1122","double","jointed",1
"1123","doubt","created",1
"1124","doubt","thousands",1
"1125","douglas","lehman",1
"1126","dr","s.m",1
"1127","drastic","budget",1
"1128","drastically","weakened",1
"1129","draw","heavily",1
"1130","drawn","attention",1
"1131","dropping","functions",1
"1132","duty","personal",1
"1133","ea","ero",1
"1134","earl","warren",1
"1135","earlier","statement",1
"1136","earlier","suggestion",1
"1137","earned","dollar",1
"1138","earners","move",1
"1139","earnestly","desired",1
"1140","earth","practice",1
"1141","easily","interpreted",1
"1142","easily","spell",1
"1143","easily","understandable",1
"1144","east","south",1
"1145","eastern","border",1
"1146","eastern","money",1
"1147","easy","districts",1
"1148","easy","victims",1
"1149","easy","victory",1
"1150","eccles","minister",1
"1151","economic","cycle",1
"1152","economic","earthquake",1
"1153","economic","excesses",1
"1154","economic","interpretation",1
"1155","economic","issues",1
"1156","economic","political",1
"1157","economic","status",1
"1158","economic","system",1
"1159","economic","theories",1
"1160","economic","wizards",1
"1161","economics","popular",1
"1162","economists","hold",1
"1163","economy","congress",1
"1164","economy","minded",1
"1165","ective","registered",1
"1166","ed","flynn",1
"1167","editor","moley",1
"1168","editorial","personnel",1
"1169","edmund","burke",1
"1170","education","association",1
"1171","education","boon",1
"1172","education","moved",1
"1173","educational","programs",1
"1174","educators","rose",1
"1175","ee","popular",1
"1176","effective","options",1
"1177","efficient","mass",1
"1178","efficient","organization",1
"1179","efficient","system",1
"1180","eggers","labor",1
"1181","egghead","shadow",1
"1182","eisenhower","agree",1
"1183","eisenhower","benson",1
"1184","eisenhower","issues",1
"1185","eisenhower","majority",1
"1186","eisenhower","partnership",1
"1187","eisenhower","program",1
"1188","eisenhower","publish",1
"1189","eisenhower","received",1
"1190","eisenhower","roll",1
"1191","eisenhower's","pro",1
"1192","elect","morse",1
"1193","elect","thomas",1
"1194","elected","byrd",1
"1195","elected","inby",1
"1196","election","congress",1
"1197","election","kansas",1
"1198","election","laws",1
"1199","election","polls",1
"1200","election","recently",1
"1201","elections","hitherto",1
"1202","electoral","lubricant",1
"1203","electoral","system",1
"1204","elements","devoutly",1
"1205","elevate","adlai",1
"1206","eleventh","district",1
"1207","eloquent","warnings",1
"1208","emaabeneng","effect",1
"1209","embraced","mccarthyism",1
"1210","emergency","call",1
"1211","emotional","capacity",1
"1212","empty","success",1
"1213","empyrean","flight",1
"1214","endeavor","government",1
"1215","endorsed","a_",1
"1216","enforce","desegregation",1
"1217","engineering","ideas",1
"1218","engineering","personnel",1
"1219","england","scotland",1
"1220","engulfed","cathedral",1
"1221","enormous","increase",1
"1222","ent","national",1
"1223","ent","noting",1
"1224","enterprise","association",1
"1225","entire","normal",1
"1226","entitled","federal",1
"1227","environmental","influences",1
"1228","equally","loaded",1
"1229","eral","revenues",1
"1230","ernment","departments",1
"1231","ers","granted",1
"1232","erspective","registered",1
"1233","erts","ea",1
"1234","es","lle",1
"1235","escape","taxes",1
"1236","essential","judge",1
"1237","established","taxation",1
"1238","estateand","gift",1
"1239","estes","kefauver",1
"1240","estimable","gentleman",1
"1241","eternally","accelerated",1
"1242","european","countries",1
"1243","evaluate","closely",1
"1244","evaluating","republican",1
"1245","evidence","west",1
"1246","exact","opposite",1
"1247","exact","types",1
"1248","exceedingly","slim",1
"1249","excellence","surely",1
"1250","excellent","cargo",1
"1251","excess","profits",1
"1252","excise","paid",1
"1253","excise","taxes",1
"1254","executive","sales",1
"1255","executives","constantly",1
"1256","exempt","status",1
"1257","exercise","judgment",1
"1258","exist","due",1
"1259","exist","leaders",1
"1260","exist","medical",1
"1261","expect","congress",1
"1262","expensive","mechanical",1
"1263","experienced","financial",1
"1264","experimental","models",1
"1265","expert","experienced",1
"1266","expertly","trained",1
"1267","expressed","public",1
"1268","extreme","importance",1
"1269","extremists","coattail",1
"1270","fair","deal",1
"1271","fair","size",1
"1272","faith","sharply",1
"1273","false","authority",1
"1274","faltering","hand",1
"1275","faltering","step",1
"1276","famec","newsweek",1
"1277","family","budget",1
"1278","famous","ancestor",1
"1279","fancy","free",1
"1280","farley","continue",1
"1281","farley’s","future",1
"1282","farm","surplus",1
"1283","farnsworth","vision",1
"1284","fashioned","folks",1
"1285","fashioned","individual",1
"1286","father","joe",1
"1287","favor","heavy",1
"1288","favor","warren",1
"1289","favorable","votes",1
"1290","favored","cutting",1
"1291","favorite","son",1
"1292","fear","dislike",1
"1293","feder","power",1
"1294","federal","assistance",1
"1295","federal","bureau",1
"1296","federal","centralization",1
"1297","federal","establishment",1
"1298","federal","income",1
"1299","federal","inspec",1
"1300","federal","law",1
"1301","federal","legisla",1
"1302","federal","legislation",1
"1303","federal","money",1
"1304","federal","plan",1
"1305","federal","power",1
"1306","federal","programs",1
"1307","federal","projects",1
"1308","federal","revenue",1
"1309","federal","social",1
"1310","feedback","obsession",1
"1311","fellow","named",1
"1312","fellows","runagainst",1
"1313","feuding","ing",1
"1314","fever","president",1
"1315","fewer","jobs",1
"1316","fically","dissects",1
"1317","fierce","criticism",1
"1318","fight","olson",1
"1319","fighting","faith",1
"1320","figure","garbed",1
"1321","figure","includes",1
"1322","figures","cope",1
"1323","final","choice",1
"1324","final","returns",1
"1325","final","session",1
"1326","finally","found",1
"1327","financial","insanity",1
"1328","financial","necessities",1
"1329","finest","attributes",1
"1330","finnegan","butler",1
"1331","firsthand","study",1
"1332","fiscal","irresponsibility",1
"1333","fiscal","obligations",1
"1334","flabby","campaigning",1
"1335","flaring","conflicts",1
"1336","flatter","flynn",1
"1337","flawless","result",1
"1338","flying","ships",1
"1339","flynn","scorned",1
"1340","fm","radio",1
"1341","fo","president",1
"1342","fof","canvassing",1
"1343","follow","politics",1
"1344","follow","recognition",1
"1345","follow","suit",1
"1346","followers","seized",1
"1347","food","spending",1
"1348","forand","bill",1
"1349","forbid","defiance",1
"1350","forceful","lessons",1
"1351","forcefully","illustrates",1
"1352","ford","money",1
"1353","foregoing","accounts",1
"1354","foreign","affairs",1
"1355","foreign","competition",1
"1356","foreign","ob",1
"1357","foreign","relations",1
"1358","foreseeable","future",1
"1359","formatting","discrepancies",1
"1360","formatting","including",1
"1361","formatting","inconsistencies",1
"1362","formulate","policies",1
"1363","forthcoming","meeting",1
"1364","forthcoming","white",1
"1365","fortunes","doctors",1
"1366","forward","backward",1
"1367","foundations","supplant",1
"1368","foundation’s","statement",1
"1369","fragile","statesman",1
"1370","frank","hague",1
"1371","frank","van",1
"1372","frank","walker",1
"1373","free","elections",1
"1374","free","expression",1
"1375","free","rhetoric",1
"1376","free","scheme",1
"1377","free","society",1
"1378","freeman","answers",1
"1379","freeman","assistant",1
"1380","freeman","served",1
"1381","freeman","study",1
"1382","freeman’s","answers",1
"1383","frequent","question",1
"1384","friend","added",1
"1385","friendly","constituents",1
"1386","friendly","japan",1
"1387","friendship","seldom",1
"1388","frol","kozlov",1
"1389","front","pages",1
"1390","ft","wayne",1
"1391","ful","lessons",1
"1392","furnish","information",1
"1393","future","cp",1
"1394","gains","additional",1
"1395","gains","tax",1
"1396","gen","eral",1
"1397","general's","office",1
"1398","generation","ur",1
"1399","genuine","alternative",1
"1400","genuine","necessities",1
"1401","george","meany",1
"1402","georgian","illustrated",1
"1403","ghostly","nimbus",1
"1404","giant","cargo",1
"1405","gift","tax",1
"1406","gilded","age",1
"1407","gin","tors",1
"1408","glibly","assume",1
"1409","goal","preserve",1
"1410","goofy","research",1
"1411","gop","leaders",1
"1412","gov","elect",1
"1413","government","ac",1
"1414","government","based",1
"1415","government","million",1
"1416","government","reorganization",1
"1417","government","units",1
"1418","governmental","units",1
"1419","governments","afford",1
"1420","governor","knight",1
"1421","governor","langlie",1
"1422","governor","lowden",1
"1423","governor","rockefeller",1
"1424","governors","conferences",1
"1425","graduate","school",1
"1426","graduated","corporation",1
"1427","graduated","tax",1
"1428","grand","coulee",1
"1429","grave","charge",1
"1430","grave","doubt",1
"1431","greatly","changed",1
"1432","green","mountains",1
"1433","greenville","s.c",1
"1434","grim","warning",1
"1435","grossly","underused",1
"1436","grundy","county",1
"1437","guardia","airthere",1
"1438","gubernatorial","cam‘paigns",1
"1439","hall","candidates",1
"1440","halted","mand",1
"1441","hand","column",1
"1442","hand","democracy",1
"1443","hand","onheart",1
"1444","hand","suggests",1
"1445","hand","true",1
"1446","hand","unshaken",1
"1447","handed","henry",1
"1448","handimagine","weeks",1
"1449","haphazard","collection",1
"1450","happiest","solution",1
"1451","happy","ns",1
"1452","harbor","interventionists",1
"1453","hardy","enterprise",1
"1454","harry","byrd",1
"1455","harry","homewood",1
"1456","hartley","act",1
"1457","hartley","facing",1
"1458","harvard","business",1
"1459","harvard","graduate",1
"1460","harvard","president’s",1
"1461","hat","canny",1
"1462","haunting","american",1
"1463","hawkes","republican",1
"1464","hay","enforcement",1
"1465","head","office",1
"1466","head","reflectively",1
"1467","headquarters","labor",1
"1468","health","insurance",1
"1469","healthinsurance","payments",1
"1470","heat","explaining",1
"1471","heaviest","penalty",1
"1472","heavily","edited",1
"1473","heavily","underscored",1
"1474","heavy","spending",1
"1475","hells","canyon",1
"1476","helpful","contribution",1
"1477","henry","didn’t",1
"1478","henry","entered",1
"1479","henry","looked",1
"1480","henry","lose",1
"1481","henry","nodded",1
"1482","highballs","penny",1
"1483","highly","competitive",1
"1484","highly","qualified",1
"1485","highly","skilled",1
"1486","history","leaders",1
"1487","history","politics",1
"1488","hitherto","solid",1
"1489","holdover","bureaucracy",1
"1490","holds","barred",1
"1491","holds","key",1
"1492","hollow","shells",1
"1493","home","affairs",1
"1494","home","constituency",1
"1495","home","rule",1
"1496","home","town",1
"1497","homely","metaphor",1
"1498","honest","election",1
"1499","honesty","voting",1
"1500","honor","declining",1
"1501","honor","propriety",1
"1502","hopelessly","henry",1
"1503","house","conference",1
"1504","house","lowest",1
"1505","house","received",1
"1506","house","representation",1
"1507","house","senator",1
"1508","house","vote",1
"1509","houston","chronick",1
"1510","howard","hughes",1
"1511","huge","obligations",1
"1512","human","misery",1
"1513","human","welfare",1
"1514","humphrey","nixon",1
"1515","hundred","thousand",1
"1516","hundreds","taxes",1
"1517","hydroelectric","power",1
"1518","ical","human",1
"1519","icy","status",1
"1520","idaho","campaign",1
"1521","idaho","combined",1
"1522","ideas","advice",1
"1523","identify","republicanism",1
"1524","ideological","zeal",1
"1525","ignite","bitter",1
"1526","ignore","party",1
"1527","ii","avoid",1
"1528","ike’s","fateful",1
"1529","im","presses",1
"1530","image","due",1
"1531","immense","satisfaction",1
"1532","immensely","complex",1
"1533","immensely","im",1
"1534","imminence","war",1
"1535","impersonal","ruthless",1
"1536","implicit","commitment",1
"1537","impose","additional",1
"1538","impossible","due",1
"1539","impressionistic","tone",1
"1540","improper","marking",1
"1541","inactive","republicans",1
"1542","inadequacy","democratic",1
"1543","inaugural","address",1
"1544","include","consideration",1
"1545","includes","millionyear",1
"1546","including","separating",1
"1547","including","taxes",1
"1548","income","relied",1
"1549","income","splitting",1
"1550","inconsistencies","due",1
"1551","inconspicuous","governor",1
"1552","increase","ir",1
"1553","increased","infiltration",1
"1554","increased","representain",1
"1555","independent","book",1
"1556","independent","figures",1
"1557","independent","market",1
"1558","independent","party",1
"1559","independent","people",1
"1560","independent","tion",1
"1561","independents","scorned",1
"1562","indignation","political",1
"1563","indiscriminate","collection",1
"1564","indiscriminate","mixing",1
"1565","indispensable","service",1
"1566","individual","incomes",1
"1567","individual","relief",1
"1568","individual","reporter",1
"1569","individual","responsibility",1
"1570","individual","voters",1
"1571","individual’s","freedom",1
"1572","indivisible","authority",1
"1573","indoctrinated","population",1
"1574","industrial","change",1
"1575","industrial","conference",1
"1576","industrial","workers",1
"1577","industry","kefauver",1
"1578","inexorable","trusteeship",1
"1579","inexpensive","quarters",1
"1580","inflationary","prices",1
"1581","influenced","mayor",1
"1582","inform","congress",1
"1583","information","offered",1
"1584","informative","discussions",1
"1585","inherited","instincts",1
"1586","iniquitous","excess",1
"1587","innate","reserve",1
"1588","insistent","demand",1
"1589","inspec","tion",1
"1590","inspire","party",1
"1591","inspired","system",1
"1592","instinctively","reveal",1
"1593","instruments","sheet",1
"1594","insurance","system",1
"1595","intellectual","convic",1
"1596","intelligence","vincent",1
"1597","intergovernmental","relations",1
"1598","interior","secretary",1
"1599","internal","affairs",1
"1600","internal","conflict",1
"1601","internally","japan",1
"1602","international","custom",1
"1603","international","levels",1
"1604","international","tensions",1
"1605","interventionists","fared",1
"1606","interview","register",1
"1607","interviews","professor",1
"1608","intimate","political",1
"1609","investors","capital",1
"1610","investors","sharing",1
"1611","invite","lawyers",1
"1612","invited","legal",1
"1613","involved","fear",1
"1614","iowa","ralph",1
"1615","ireland","burke",1
"1616","irresistible","pressure",1
"1617","irresponsible","vindictive",1
"1618","ise","liberal",1
"1619","island","deviated",1
"1620","issues","adopted",1
"1621","issues","office",1
"1622","j.a","mellsop",1
"1623","jacques","barzun's",1
"1624","james","middleton",1
"1625","japan","contend",1
"1626","japanese","politician",1
"1627","japan’s","capacity",1
"1628","japan’s","peril",1
"1629","japan’s","police",1
"1630","japan’s","political",1
"1631","japan’s","system",1
"1632","jersey","city",1
"1633","jim","farley’s",1
"1634","joaquin","valley",1
"1635","job","plans",1
"1636","job","supplanted",1
"1637","joe","cannon",1
"1638","john","hollister",1
"1639","john","pollsum",1
"1640","johnson","people",1
"1641","johnson","ticket",1
"1642","joint","resolution",1
"1643","joseph","campbell",1
"1644","juan","capis",1
"1645","judge","believed",1
"1646","judicial","matter",1
"1647","judiciary","enjoys",1
"1648","justice","marshall",1
"1649","kahsas","won",1
"1650","kaiser","september",1
"1651","kefauver","front",1
"1652","kefauver","team",1
"1653","kefauver","theme",1
"1654","kennedy","answered",1
"1655","kennedy","clements",1
"1656","kennedy","johnson",1
"1657","kennedy","nixon",1
"1658","key","posimen",1
"1659","keynes","favored",1
"1660","keynesian","theory",1
"1661","khrushchev","propaganda",1
"1662","knight","told",1
"1663","knowland","cope",1
"1664","knowland","knight",1
"1665","korean","war",1
"1666","la","guardia",1
"1667","la","piere's",1
"1668","labor","ada",1
"1669","labor","candidates",1
"1670","labor","committee",1
"1671","labor","laws",1
"1672","labor","leadership",1
"1673","labor","minorities",1
"1674","labor","movement",1
"1675","labor","platform",1
"1676","labor","power",1
"1677","labor","sections",1
"1678","labor","suffers",1
"1679","labor","votes",1
"1680","labor","workers",1
"1681","laborious","days",1
"1682","laboriously","hun",1
"1683","lacks","personal",1
"1684","larger","business",1
"1685","lasting","lesson",1
"1686","late","august",1
"1687","late","ed",1
"1688","late","january",1
"1689","late","lord",1
"1690","late","reports",1
"1691","latin","america",1
"1692","lating","body",1
"1693","law","partner",1
"1694","law","twenty",1
"1695","laws","byrd",1
"1696","lawyer","froma",1
"1697","lawyers","hope",1
"1698","leaders","issue",1
"1699","leaders","moved",1
"1700","leaders","office",1
"1701","leaders","radical",1
"1702","leaders","realized",1
"1703","leadership","deliberately",1
"1704","league","office",1
"1705","lecting","tank",1
"1706","led","people",1
"1707","left","japan’s",1
"1708","legal","power",1
"1709","legal","provision",1
"1710","legged","stool",1
"1711","legisla","tion",1
"1712","legislation","dealing",1
"1713","legislation","opposed",1
"1714","legislative","objectives",1
"1715","legitimate","rights",1
"1716","legitimate","unions",1
"1717","legitimately","voted",1
"1718","lehman","pastore",1
"1719","lem","speeches",1
"1720","lengthy","interview",1
"1721","leo","crowley",1
"1722","lesser","degree",1
"1723","lesser","extent",1
"1724","lesser","followers",1
"1725","lesson","ii",1
"1726","lesson","learned",1
"1727","letters","disagreeing",1
"1728","level","debate",1
"1729","level","federal",1
"1730","liberal","democrat",1
"1731","liberal","labor",1
"1732","liberal","politicians",1
"1733","liberal","republicans",1
"1734","lies","close",1
"1735","lies","heavily",1
"1736","life","subdued",1
"1737","likewise","john",1
"1738","limit","assistance",1
"1739","lincoln","tl",1
"1740","lip","service",1
"1741","listed","public",1
"1742","literacy","tests",1
"1743","litical","education",1
"1744","live","laborious",1
"1745","living","stand",1
"1746","lle","ppicinn",1
"1747","local","activities",1
"1748","local","bonds",1
"1749","local","candidates",1
"1750","local","communities",1
"1751","local","conditions",1
"1752","local","districts",1
"1753","local","governments",1
"1754","local","meetings",1
"1755","local","organizations",1
"1756","local","people",1
"1757","looked","worried",1
"1758","loos","angeles",1
"1759","loose","fancy",1
"1760","lord","keynes",1
"1761","lord","na",1
"1762","lord","nature",1
"1763","lose","democratic",1
"1764","losing","support",1
"1765","low","percentage",1
"1766","lowest","opposition",1
"1767","loyal","party",1
"1768","lush","san",1
"1769","lutely","set",1
"1770","madison","declared",1
"1771","maestro","james",1
"1772","maf","thousands",1
"1773","magnificently","correct",1
"1774","mail","party",1
"1775","main","middle",1
"1776","main","reliance",1
"1777","main","streets",1
"1778","maintain","contact",1
"1779","major","concern",1
"1780","major","domestic",1
"1781","major","issue",1
"1782","major","parties",1
"1783","major","test",1
"1784","majority","leader",1
"1785","majority","miscalled",1
"1786","majority","parties",1
"1787","majority","vote",1
"1788","malignant","influences",1
"1789","manageable","unit",1
"1790","manager","farley",1
"1791","managers","financed",1
"1792","managers","proprietors",1
"1793","managers","salesmen",1
"1794","manner","fitting",1
"1795","manpower","alliances",1
"1796","manual","correction",1
"1797","manufacturing","ability",1
"1798","man’s","environment",1
"1799","margaret","chase",1
"1800","marginal","republican",1
"1801","marginal","seat",1
"1802","marine","establishments",1
"1803","marshall","borrowing",1
"1804","martin","jr",1
"1805","marxist","conant",1
"1806","mass","education",1
"1807","massachusetts","house",1
"1808","massachusetts","lesson",1
"1809","massachusetts","likewise",1
"1810","masses","living",1
"1811","massive","burdens",1
"1812","massive","responsibilities",1
"1813","massive","structure",1
"1814","masters","call",1
"1815","material","form",1
"1816","material","level",1
"1817","material","profit",1
"1818","material","world",1
"1819","material","yearnings",1
"1820","materials","engineering",1
"1821","matic","milker",1
"1822","matters","relating",1
"1823","mayor","cratic",1
"1824","mccord","wright",1
"1825","mccormack","majority",1
"1826","mccormick","brooks",1
"1827","meade","alcorn",1
"1828","meaningful","symptoms",1
"1829","means","committee",1
"1830","means","test",1
"1831","meany","byrd",1
"1832","measurable","stability",1
"1833","measurably","enforce",1
"1834","measured","reasoning",1
"1835","medical","authority",1
"1836","medical","care",1
"1837","medical","opinion",1
"1838","mediocrities","demagogues",1
"1839","meet","social",1
"1840","melancholy","destiny",1
"1841","mell","poll",1
"1842","mellsop","organization",1
"1843","mental","ical",1
"1844","mental","moral",1
"1845","mental","muscle",1
"1846","mentioned","joseph",1
"1847","mentor","told",1
"1848","men’s","lives",1
"1849","men’s","stomachs",1
"1850","merchant","marine",1
"1851","mere","clerks",1
"1852","mere","congregations",1
"1853","mere","handout",1
"1854","mere","revival",1
"1855","mere","surveys",1
"1856","merged","federations",1
"1857","message","americans",1
"1858","met","defeat",1
"1859","mexican","dictator",1
"1860","mid","october",1
"1861","middleton","cox",1
"1862","mild","tem",1
"1863","mild","temperature",1
"1864","military","aggression",1
"1865","military","power",1
"1866","military","strength",1
"1867","million","stockholders",1
"1868","million","voters",1
"1869","million","votes",1
"1870","million","wallace’s",1
"1871","minded","democrats",1
"1872","minded","leaders",1
"1873","minister's","home",1
"1874","minnesota","rewho",1
"1875","minor","variations",1
"1876","minority","pressures",1
"1877","miserable","wages",1
"1878","misleading","report",1
"1879","model","socialist",1
"1880","model","takes",1
"1881","modern","economists",1
"1882","modernize","thei",1
"1883","modest","charge",1
"1884","modified","competitive",1
"1885","moley","ampaign",1
"1886","moley","banks",1
"1887","moley","curate",1
"1888","moley","days",1
"1889","moley","fund",1
"1890","moley","hat",1
"1891","moley","hortly",1
"1892","moley","roll",1
"1893","moley","talk",1
"1894","moley","tices",1
"1895","moley's","article",1
"1896","momentous","choices",1
"1897","money","accurately",1
"1898","money","manpower",1
"1899","money","power",1
"1900","money","spent",1
"1901","monstrous","fraud",1
"1902","montana","democrat",1
"1903","months","days",1
"1904","montpelier","vt",1
"1905","monumental","job",1
"1906","moral","issue",1
"1907","moral","strictures",1
"1908","morale","building",1
"1909","mortal","threat",1
"1910","move","farther",1
"1911","move","human",1
"1912","moves","forward",1
"1913","multitudinous","reform",1
"1914","murray","montana",1
"1915","music","recordings",1
"1916","musical","requirements",1
"1917","mutual","fear",1
"1918","named","london",1
"1919","named","proxmire",1
"1920","nashville","banner",1
"1921","nation","action",1
"1922","nation","internal",1
"1923","nation","minority",1
"1924","nation's","sovereign",1
"1925","national","aeronautics",1
"1926","national","affairs",1
"1927","national","committeeman",1
"1928","national","committeemen",1
"1929","national","con",1
"1930","national","crisis",1
"1931","national","education",1
"1932","national","emergency",1
"1933","national","government",1
"1934","national","industrial",1
"1935","national","leadership",1
"1936","national","legislation",1
"1937","national","organizations",1
"1938","national","parties",1
"1939","national","party",1
"1940","national","pressure",1
"1941","national","product",1
"1942","national","production",1
"1943","national","progress",1
"1944","national","temper",1
"1945","national","wealth",1
"1946","nations","pledged",1
"1947","nation’s","attention",1
"1948","nation’s","taxpayers",1
"1949","natural","determinism",1
"1950","natural","forces",1
"1951","nature","wove",1
"1952","nazi","apostles",1
"1953","naïve","ideas",1
"1954","neatly","dissects",1
"1955","necessity","follow",1
"1956","necessity","shift",1
"1957","negative","role",1
"1958","neighbor’s","chickens",1
"1959","newsweek","april",1
"1960","newsweek","february",1
"1961","newsweek","june",1
"1962","newsweek","perspective",1
"1963","newsweek","reports",1
"1964","nineteenth","century",1
"1965","nixon","humphrey",1
"1966","nixon","knowland",1
"1967","nixon","ning",1
"1968","nixon","opposes",1
"1969","nixon","symington",1
"1970","nobly","conceived",1
"1971","nonpartisan","organization",1
"1972","nonpolitical","independent",1
"1973","nonvoting","eligibles",1
"1974","nore","hopelessly",1
"1975","normal","democratic",1
"1976","normal","political",1
"1977","notable","businessman",1
"1978","notable","people",1
"1979","november","victory",1
"1980","numerous","opportunities",1
"1981","oasi","insurance",1
"1982","objectives","office",1
"1983","obstacles","stand",1
"1984","obvious","examples",1
"1985","occas","avail",1
"1986","occupation","national",1
"1987","occupation","scap",1
"1988","ocr","errors",1
"1989","october","patent",1
"1990","offers","counsel",1
"1991","office","chairmen",1
"1992","office","choice",1
"1993","office","destroy",1
"1994","office","election",1
"1995","office","evil",1
"1996","office","henry",1
"1997","office","moley",1
"1998","office","polled",1
"1999","office","registered",1
"2000","office","remains",1
"2001","office","willkie",1
"2002","official","agencies",1
"2003","official","associates",1
"2004","official","corruption",1
"2005","official","family",1
"2006","official","ornaments",1
"2007","official","party",1
"2008","official","publication",1
"2009","officials","suggesting",1
"2010","ohio's","top",1
"2011","oil","production",1
"2012","olan","apap",1
"2013","olson","stuck",1
"2014","ominous","figures",1
"2015","onheart","declarations",1
"2016","onstrate","herald",1
"2017","op","rupt",1
"2018","operation","comprises",1
"2019","operation","tolerance",1
"2020","opinion","poll",1
"2021","opponent","earl",1
"2022","opportunileader","announcing",1
"2023","opposed","evidence",1
"2024","opposition","leaders",1
"2025","opposition","voters",1
"2026","optional","purchase",1
"2027","oregon","counties",1
"2028","oregon","power",1
"2029","oregon","sweep",1
"2030","organ","instruments",1
"2031","organization","dedicated",1
"2032","organization","limited",1
"2033","organizations","ther",1
"2034","organized","effort",1
"2035","organized","politically",1
"2036","organized","support",1
"2037","original","idea",1
"2038","original","jurisdiction",1
"2039","original","layout",1
"2040","original","paragraph",1
"2041","original","social",1
"2042","original","structure",1
"2043","os","angeles",1
"2044","oth","conant",1
"2045","othtaking","loyal",1
"2046","ous","absentee",1
"2047","outlook","flynn",1
"2048","outpromise","liberal",1
"2049","outstanding","defeats",1
"2050","outworn","residence",1
"2051","outworn","shibboleths",1
"2052","overburdened","industry",1
"2053","overlapping","text",1
"2054","overwhelming","powers",1
"2055","pacific","coast",1
"2056","pacific","war",1
"2057","paid","employees",1
"2058","pan","slavism",1
"2059","paper","ballots",1
"2060","paragraph","breaks",1
"2061","paraphrase","hall",1
"2062","parties","moley",1
"2063","parties","shorn",1
"2064","partisan","democrats",1
"2065","party","affiliation",1
"2066","party","alike",1
"2067","party","alive",1
"2068","party","assumes",1
"2069","party","behavior",1
"2070","party","candidates",1
"2071","party","count",1
"2072","party","dedi",1
"2073","party","emerged",1
"2074","party","encumbered",1
"2075","party","insiders",1
"2076","party","leaders",1
"2077","party","literature",1
"2078","party","membership",1
"2079","party","organizations",1
"2080","party","philosophy",1
"2081","party","platform",1
"2082","party","policy",1
"2083","party","post",1
"2084","party","principles",1
"2085","party","strength",1
"2086","party","student",1
"2087","party","system",1
"2088","party","units",1
"2089","party","voters",1
"2090","party","wendell",1
"2091","party","who’s",1
"2092","party’s","vote",1
"2093","pass","legislation",1
"2094","passage","kennedy",1
"2095","passing","reference",1
"2096","past","radio",1
"2097","past","recognition",1
"2098","past","ten",1
"2099","pastore","murray",1
"2100","patent","light",1
"2101","patent","registered",1
"2102","patriotism","abided",1
"2103","patronage","remains",1
"2104","pawn","responsible",1
"2105","pay","hundreds",1
"2106","paying","lip",1
"2107","pearl","harbor",1
"2108","pecuniary","rewards",1
"2109","peking","government",1
"2110","peking","invests",1
"2111","pell","mell",1
"2112","penny","ante",1
"2113","people","assumed",1
"2114","people","bear",1
"2115","people","glibly",1
"2116","people","speculating",1
"2117","people.are","dissatisfied",1
"2118","perature","prevailed",1
"2119","perceptive","californians",1
"2120","perfectly","separating",1
"2121","perils","involved",1
"2122","period","medical",1
"2123","periods","prior",1
"2124","periscope","preview",1
"2125","permanent","minority",1
"2126","permissive","home",1
"2127","permitted","partisans",1
"2128","personal","achievement",1
"2129","personal","fortunes",1
"2130","personal","honor",1
"2131","personal","inclination",1
"2132","personal","knowledge",1
"2133","personal","preferences",1
"2134","personal","satisfaction",1
"2135","personnel","mass",1
"2136","persp","ective",1
"2137","persp","registered",1
"2138","perspective","labor",1
"2139","perspective","lawmaking",1
"2140","pertinent","questions",1
"2141","pervious","organism",1
"2142","pests","pounce",1
"2143","petty","officer",1
"2144","ph.d","education",1
"2145","photographed","smil",1
"2146","photographed","smiling",1
"2147","physand","emotional",1
"2148","physical","business",1
"2149","physical","demands",1
"2150","plan","embodied",1
"2151","plan","impersonal",1
"2152","plan","leaves",1
"2153","plan","prepared",1
"2154","plane","leaders",1
"2155","planner","manager",1
"2156","plans","engineering",1
"2157","platform","johnson",1
"2158","platform","promises",1
"2159","platform","texas",1
"2160","play","ties",1
"2161","pleasant","adornment",1
"2162","plural","regency",1
"2163","poem","tells",1
"2164","poignant","scenes",1
"2165","policy","persistently",1
"2166","political","action",1
"2167","political","activity",1
"2168","political","advantage",1
"2169","political","arms",1
"2170","political","balance",1
"2171","political","campaign",1
"2172","political","conclusions",1
"2173","political","counsel",1
"2174","political","destinies",1
"2175","political","events",1
"2176","political","ideals",1
"2177","political","machinery",1
"2178","political","machines",1
"2179","political","methods",1
"2180","political","newcomer",1
"2181","political","par",1
"2182","political","parties",1
"2183","political","purposes",1
"2184","political","retaliation",1
"2185","political","supremacy",1
"2186","political","unknowns",1
"2187","politically","acceptable",1
"2188","politically","inspired",1
"2189","politically","minded",1
"2190","politically","oregon",1
"2191","politicians","grab",1
"2192","politicians","leaders",1
"2193","politics","closely",1
"2194","politics","design",1
"2195","politics","history",1
"2196","politics","provide",1
"2197","polititell","republican",1
"2198","polled","moley",1
"2199","polls","shaped",1
"2200","pollsum","card",1
"2201","pollsum","whipped",1
"2202","pono","doubt",1
"2203","poor","grace",1
"2204","poorly","paid",1
"2205","popular","president",1
"2206","popular","vote",1
"2207","popularization","swept",1
"2208","population","abroad",1
"2209","population","burning",1
"2210","population","industrial",1
"2211","portant","office",1
"2212","portentous","drive",1
"2213","posimen","sufficiently",1
"2214","position","official",1
"2215","positively","doubt",1
"2216","potent","exponent",1
"2217","potential","ocr",1
"2218","power","advocate",1
"2219","power","assured",1
"2220","power","congress",1
"2221","power","met",1
"2222","power","policies",1
"2223","power","voters",1
"2224","power","zealots",1
"2225","powerful","force",1
"2226","powerful","machine",1
"2227","powerful","majority",1
"2228","powerful","organization",1
"2229","ppicinn","ae",1
"2230","practical","application",1
"2231","practice","moved",1
"2232","pre","election",1
"2233","pre","pearl",1
"2234","precede","tax",1
"2235","precipitate","chaos",1
"2236","preconvention","fight",1
"2237","preferences","denied",1
"2238","pregident","visited",1
"2239","prejudiced","story",1
"2240","preliminaries","decision",1
"2241","prepare","ticket",1
"2242","presently","tapped",1
"2243","presi","dent",1
"2244","president","depend",1
"2245","president","eisenhower's",1
"2246","president","george",1
"2247","president","roosevelt’s",1
"2248","president","won",1
"2249","president","woodrow",1
"2250","president's","party",1
"2251","president's","past",1
"2252","president's","program",1
"2253","president's","support",1
"2254","presidential","aspirants",1
"2255","presidential","balance",1
"2256","presidential","candidacies",1
"2257","presidential","opinion",1
"2258","presidential","press",1
"2259","presidential","sponsorship",1
"2260","presidential","vote",1
"2261","president’s","armistice",1
"2262","president’s","opinion",1
"2263","president’s","press",1
"2264","president’s","program",1
"2265","president’s","responsibility",1
"2266","president’s","scolding",1
"2267","president’s","statements",1
"2268","president’s","visit",1
"2269","press","behavior",1
"2270","pretty","deep",1
"2271","pretty","squalid",1
"2272","pretty","uninspiring",1
"2273","pretty","violently",1
"2274","prevented","congressional",1
"2275","preventive","war",1
"2276","preview","vast",1
"2277","previous","administrations",1
"2278","previous","paintings",1
"2279","price","reduction",1
"2280","prices","paralysis",1
"2281","pride","personal",1
"2282","primary","campaigns",1
"2283","prime","minister's",1
"2284","prime","objective",1
"2285","primitive","times",1
"2286","principles","listed",1
"2287","private","information",1
"2288","private","participation",1
"2289","private","philanthropy",1
"2290","private","publication",1
"2291","private","tutors",1
"2292","produce","super",1
"2293","production","line",1
"2294","prof","charles",1
"2295","prof","david",1
"2296","prof","sumner",1
"2297","professional","conservative",1
"2298","professional","job",1
"2299","professional","polititell",1
"2300","professional","workers",1
"2301","professionally","trained",1
"2302","professor","wright",1
"2303","profits","levy",1
"2304","profligate","government",1
"2305","profound","constitutional",1
"2306","program","fails",1
"2307","progressive","corporation",1
"2308","prominent","american",1
"2309","promises","democratic",1
"2310","promote","national",1
"2311","properly","con",1
"2312","property","custodian",1
"2313","proportion","involved",1
"2314","propriations","committees",1
"2315","proprietors","professional",1
"2316","prospective","federal",1
"2317","prospective","presidential",1
"2318","protected","life",1
"2319","protestant","ministers",1
"2320","proved","record",1
"2321","provide","control",1
"2322","provide","effective",1
"2323","provide","healthinsurance",1
"2324","provide","medical",1
"2325","provide","relief",1
"2326","provided","equitably",1
"2327","public","acceptance",1
"2328","public","appearance",1
"2329","public","concern",1
"2330","public","denied",1
"2331","public","funds",1
"2332","public","indignation",1
"2333","public","money",1
"2334","public","morale",1
"2335","public","office",1
"2336","public","opposition",1
"2337","public","responsibility",1
"2338","public","services",1
"2339","public","suspicion",1
"2340","public","tastes",1
"2341","public","utility",1
"2342","publish","confusing",1
"2343","publish","essentially",1
"2344","purely","advisory",1
"2345","purely","political",1
"2346","purses","notable",1
"2347","pursued","subversion",1
"2348","putative","presiden",1
"2349","qualified","american",1
"2350","qualified","voters",1
"2351","qualified","widely",1
"2352","quarterly","subsequently",1
"2353","question","rises",1
"2354","questions","arise",1
"2355","questions","selected",1
"2356","quickly","forget",1
"2357","quoted","chairman",1
"2358","radical","elements",1
"2359","radical","farmers",1
"2360","radical","proposal",1
"2361","radio","corporation",1
"2362","radio","program",1
"2363","radio","sues",1
"2364","ran","olson",1
"2365","range","gains",1
"2366","rare","capacity",1
"2367","rate","considerably",1
"2368","rates","yield",1
"2369","rational","climate",1
"2370","rational","meaning",1
"2371","rational","reason",1
"2372","reactionary","money",1
"2373","read","due",1
"2374","read","laboriously",1
"2375","reading","aloud",1
"2376","real","color",1
"2377","real","test",1
"2378","real","victims",1
"2379","real","war",1
"2380","realists","paid",1
"2381","receipt","disbursement",1
"2382","receive","payments",1
"2383","received","dewey’s",1
"2384","recent","afl",1
"2385","recent","campaign",1
"2386","recent","radio",1
"2387","recent","senatorial",1
"2388","recent","session",1
"2389","reckless","irresponsible",1
"2390","recognize","red",1
"2391","recognizing","red",1
"2392","record","changer",1
"2393","record","votes",1
"2394","recordings","capehart",1
"2395","recruiting","candidates",1
"2396","recruiting","party",1
"2397","rect","methods",1
"2398","redistributing","wealth",1
"2399","reduced","yearly",1
"2400","reduction","extending",1
"2401","reduction","plan",1
"2402","reelect","albert",1
"2403","reelected","fish",1
"2404","reflectively","pollsum",1
"2405","reform","workers",1
"2406","reformers","keynes",1
"2407","reforming","people",1
"2408","refusing","recognition",1
"2409","regaining","control",1
"2410","regard","as_",1
"2411","regarded","aj",1
"2412","regional","conferences",1
"2413","regional","conservative",1
"2414","regisof","tered",1
"2415","register","thereon",1
"2416","registered","determinism’s",1
"2417","registered","henry",1
"2418","registered","ike’s",1
"2419","registered","patent",1
"2420","regular","army",1
"2421","rejected","justice",1
"2422","relative","standing",1
"2423","relative","strangers",1
"2424","relief","repealing",1
"2425","reluctance","leo",1
"2426","remain","requiring",1
"2427","remaining","tenet",1
"2428","remains","moley",1
"2429","reoublican","candidates",1
"2430","rep","isolationist",1
"2431","rep","joseph",1
"2432","report","widely",1
"2433","reporter","arthur",1
"2434","reporter","der",1
"2435","representain","congress",1
"2436","representative","simpson",1
"2437","representatives","received",1
"2438","reproduction","television",1
"2439","republican","candidate",1
"2440","republican","commentators",1
"2441","republican","comwas",1
"2442","republican","concerned",1
"2443","republican","congress",1
"2444","republican","congressman",1
"2445","republican","defense",1
"2446","republican","drift",1
"2447","republican","gain",1
"2448","republican","governors",1
"2449","republican","leader",1
"2450","republican","losses",1
"2451","republican","nomination",1
"2452","republican","organizations",1
"2453","republican","platform",1
"2454","republican","pri",1
"2455","republican","senate",1
"2456","republican","share",1
"2457","republican","ticket",1
"2458","republican","workers",1
"2459","republicans","cast",1
"2460","republicans","opposed",1
"2461","republicans","schoeppel",1
"2462","republicans","suggest",1
"2463","requires","liberty",1
"2464","requiring","manual",1
"2465","research","institute",1
"2466","reserve","coupled",1
"2467","residence","requirement",1
"2468","resist","pressures",1
"2469","respect","extended",1
"2470","respected","lawyer",1
"2471","respects","excellent",1
"2472","responsibility","personal",1
"2473","responsibility","requires",1
"2474","responsibility","rests",1
"2475","responsible","leader",1
"2476","responsible","officials",1
"2477","responsible","people",1
"2478","responsible","reporter",1
"2479","rest","reasonable",1
"2480","result","ac",1
"2481","retired","employes",1
"2482","retirement","age",1
"2483","retirement","gop",1
"2484","revolutionary","change",1
"2485","rhode","island",1
"2486","rich","people",1
"2487","richard","la",1
"2488","richard","wilson",1
"2489","riotous","time",1
"2490","rival","claims",1
"2491","rivals","prowling",1
"2492","rogressive","taxation",1
"2493","roll","call",1
"2494","roman","catholic",1
"2495","roosevelt","administration",1
"2496","roosevelt","scoffed",1
"2497","roosevelt’s","comment",1
"2498","roscoe","drummond",1
"2499","round","employees",1
"2500","round","managers",1
"2501","roving","experts",1
"2502","rupt","election",1
"2503","rural","districts",1
"2504","russian","economic",1
"2505","russian","leaders",1
"2506","russian","power",1
"2507","s.c","news",1
"2508","s.m","brownell",1
"2509","sacred","public",1
"2510","sad","satisfaction",1
"2511","sadlak","plan",1
"2512","safely","labor",1
"2513","san","diego",1
"2514","san","joaquin",1
"2515","san","juan",1
"2516","san","timonious",1
"2517","sanders","book",1
"2518","sanders","discusses",1
"2519","sanders","opinions",1
"2520","sational","announcement",1
"2521","saved","olson",1
"2522","savings","insurance",1
"2523","scant","margin",1
"2524","scanty","list",1
"2525","scap","required",1
"2526","scc","occas",1
"2527","scheduled","reduction",1
"2528","scheduled","wait",1
"2529","schoeppel","chairman",1
"2530","schoeppel","cites",1
"2531","schoeppel","margaret",1
"2532","schoeppel","simpson",1
"2533","school","classrooms",1
"2534","school","professor",1
"2535","school","property",1
"2536","schroeder","national",1
"2537","science","appeared",1
"2538","scientific","determination",1
"2539","scientific","determinism",1
"2540","scientist","differs",1
"2541","scorn","delights",1
"2542","scotland","fraud",1
"2543","sea","reprints",1
"2544","secretary","marion",1
"2545","secretary","seaton",1
"2546","security","act",1
"2547","security","benefits",1
"2548","security","insurance",1
"2549","security","oasi",1
"2550","security","system",1
"2551","seek","guidance",1
"2552","seeking","congressional",1
"2553","seeks","equality",1
"2554","selected","beneficiaries",1
"2555","selecting","people",1
"2556","sen","burton",1
"2557","sen","harry",1
"2558","sen","joseph",1
"2559","senate","party",1
"2560","senate","roll",1
"2561","senate","seats",1
"2562","senator","brooks",1
"2563","senator","kennedy",1
"2564","senator","neuberger",1
"2565","senator","reed",1
"2566","senator","taft",1
"2567","senator","welker",1
"2568","senator's","cronies",1
"2569","senatorial","election",1
"2570","senators","governors",1
"2571","senators","kennedy",1
"2572","senators","schoeppel",1
"2573","sensational","announcement",1
"2574","sentee","ballots",1
"2575","sentiments","free",1
"2576","separate","piece",1
"2577","september","ective",1
"2578","servative","candidate",1
"2579","service","close",1
"2580","service","indispensable",1
"2581","service","wright",1
"2582","settled","rule",1
"2583","seymour","resulted",1
"2584","shaky","alliances",1
"2585","shape","politics",1
"2586","share","industry",1
"2587","sharply","distinguished",1
"2588","sheer","physical",1
"2589","sheet","music",1
"2590","shift","managers",1
"2591","shifting","public",1
"2592","shining","sons",1
"2593","shop","stewards",1
"2594","short","congress",1
"2595","sick","joe",1
"2596","significant","military",1
"2597","simply","offering",1
"2598","simpson","researches",1
"2599","sinclair","weeks",1
"2600","sinclairites","single",1
"2601","single","election",1
"2602","single","referendum",1
"2603","single","taxers",1
"2604","sionally","trained",1
"2605","sir","david",1
"2606","sister","ship",1
"2607","sixteen","repetitions",1
"2608","size","towns",1
"2609","skilled","engineer",1
"2610","skilled","political",1
"2611","skillful","organization",1
"2612","slavish","adherence",1
"2613","slichter's","generality",1
"2614","slight","indication",1
"2615","slighted","lected",1
"2616","slightly","inaccurate",1
"2617","slightly","misrepresented",1
"2618","smalls","driving",1
"2619","smarter","henrys",1
"2620","sober","gentle",1
"2621","social","class",1
"2622","social","distinction",1
"2623","social","functions",1
"2624","social","reform",1
"2625","social","service",1
"2626","social","system",1
"2627","social","unrest",1
"2628","social","unsound",1
"2629","socialist","labor",1
"2630","sociological","imagination",1
"2631","soft","pervious",1
"2632","sole","appeal",1
"2633","sole","function",1
"2634","sole","motive",1
"2635","solemn","duty",1
"2636","solid","republican",1
"2637","solidly","conserva",1
"2638","solidly","conservative",1
"2639","solidly","democratic",1
"2640","sought","protection",1
"2641","south","democratic",1
"2642","southeast","asia",1
"2643","southeastern","asia",1
"2644","southern","newspapers",1
"2645","southern","senators",1
"2646","sovereign","power",1
"2647","soviet","boast",1
"2648","soviet","rus",1
"2649","space","administration",1
"2650","space","shortly",1
"2651","space","suggesting",1
"2652","sparsely","settled",1
"2653","speaker","joe",1
"2654","specialists","pon",1
"2655","specialists","pondered",1
"2656","specially","selected",1
"2657","specific","denials",1
"2658","specific","function",1
"2659","specific","issues",1
"2660","specific","material",1
"2661","specific","plan",1
"2662","specific","plans",1
"2663","speech","adlai",1
"2664","speech","question",1
"2665","speeches","shakes",1
"2666","spending","increases",1
"2667","spending","items",1
"2668","spending","votes",1
"2669","spiritedprimary","contest",1
"2670","splendid","job",1
"2671","spot","check",1
"2672","stability","productivity",1
"2673","stabilizing","reform",1
"2674","stand","auto",1
"2675","stand","automatic",1
"2676","standard","comment",1
"2677","standard","oil",1
"2678","stark","poverty",1
"2679","stassen","gaffe",1
"2680","stassen","sen",1
"2681","statesmen","importance",1
"2682","state’s","province",1
"2683","statistical","agency",1
"2684","statistical","tables",1
"2685","steel","col",1
"2686","steel","collecting",1
"2687","steep","progression",1
"2688","step","forward",1
"2689","stevenson","called",1
"2690","stevenson","campaigning",1
"2691","stevenson","implies",1
"2692","stevenson","received",1
"2693","stifling","regimentation",1
"2694","stil","time",1
"2695","story","isn’t",1
"2696","story","widely",1
"2697","strained","resources",1
"2698","strange","surroundings",1
"2699","strategy","governor",1
"2700","straw","votes",1
"2701","street","looked",1
"2702","strength","borrowed",1
"2703","stress","conant",1
"2704","stretches","miles",1
"2705","strident","minority",1
"2706","strong","call",1
"2707","strong","exceptions",1
"2708","strong","feeling",1
"2709","strong","investigator",1
"2710","strong","labor",1
"2711","strong","national",1
"2712","strong","organizations",1
"2713","strong","personal",1
"2714","strong","pollsters",1
"2715","stronger","appointment",1
"2716","strongly","unionized",1
"2717","structure","writers",1
"2718","students","desires",1
"2719","study","invaluable",1
"2720","study","promote",1
"2721","stuff","grew",1
"2722","subdued","pride",1
"2723","subject","listed",1
"2724","submarine","officer",1
"2725","subsequently","senator",1
"2726","subsidized","federal",1
"2727","substantial","reason",1
"2728","subtle","pressure",1
"2729","subversive","influences",1
"2730","succeed","knowland",1
"2731","succeeding","generation",1
"2732","succeeding","presi",1
"2733","success","leading",1
"2734","successfully","met",1
"2735","suffering","taxpayer",1
"2736","sufficiently","wise",1
"2737","suggesting","reforms",1
"2738","suggests","annual",1
"2739","sums","collected",1
"2740","supby","conservative",1
"2741","super","leaders",1
"2742","superlative","instrument",1
"2743","support","registered",1
"2744","support","score",1
"2745","support","upstate",1
"2746","surplus","headache",1
"2747","surpriswrote","roscoe",1
"2748","surtax","exemption",1
"2749","surtax","rates",1
"2750","system","carry",1
"2751","system","newsweek",1
"2752","tables","borrowed",1
"2753","takes","close",1
"2754","takes","time",1
"2755","tammany","tweed",1
"2756","tapped","tax",1
"2757","taught","determinism",1
"2758","tax","adjustments",1
"2759","tax","antoni",1
"2760","tax","deductions",1
"2761","tax","exempt",1
"2762","tax","exempticns",1
"2763","tax","involves",1
"2764","tax","plan",1
"2765","tax","policy",1
"2766","tax","reduction",1
"2767","tax","sources",1
"2768","tax","structure",1
"2769","taxable","income",1
"2770","taxation","notably",1
"2771","taxes","discourage",1
"2772","taxes","false",1
"2773","taxes","newsweek",1
"2774","taxing","powers",1
"2775","taxpayers","gains",1
"2776","teacher","shortage",1
"2777","teachers","offer",1
"2778","teachers","salaries",1
"2779","technical","personnel",1
"2780","technical","workers",1
"2781","technological","progress",1
"2782","television","set",1
"2783","temperature","prevailed",1
"2784","tered","voters",1
"2785","terrifying","examples",1
"2786","tested","social",1
"2787","texaf","law",1
"2788","texas","democrats",1
"2789","text","unrelated",1
"2790","thei","election",1
"2791","ther","err",1
"2792","thi","casts",1
"2793","thinking","congressman",1
"2794","thirteenth","term",1
"2795","thousand","illiterates",1
"2796","threat","newsweek",1
"2797","throop","smith",1
"2798","tial","candidates",1
"2799","ticket","byrd",1
"2800","tidal","patterns",1
"2801","ties","halted",1
"2802","timate","bruised",1
"2803","time","congress",1
"2804","time","proved",1
"2805","time","tested",1
"2806","time","voted",1
"2807","time","voting",1
"2808","times","permitted",1
"2809","timonious","newspaper",1
"2810","tiny","percentage",1
"2811","tion","day",1
"2812","tion","ers",1
"2813","title","fragile",1
"2814","tive","candidate",1
"2815","tive","departments",1
"2816","tively","reveal",1
"2817","tokyo’s","governor",1
"2818","tolerance","understanding",1
"2819","tone","poem",1
"2820","tonic","effect",1
"2821","top","level",1
"2822","top","republicans",1
"2823","total","individual",1
"2824","total","majority",1
"2825","total","paid",1
"2826","total","roll",1
"2827","town","newspapers",1
"2828","towns","cities",1
"2829","trade","organization",1
"2830","trade","union",1
"2831","train","rest",1
"2832","trano","surely",1
"2833","transformed","horned",1
"2834","trillion","dollars",1
"2835","triumphant","powerful",1
"2836","troubled","relations",1
"2837","true","masters",1
"2838","truman","administrations",1
"2839","truman","carried",1
"2840","truman’s","million",1
"2841","trust","receive",1
"2842","turbulent","sea",1
"2843","tweed","ring",1
"2844","twelfth","california",1
"2845","twelfth","district",1
"2846","twin","offices",1
"2847","u.s","commissioner",1
"2848","u.s","registered",1
"2849","ukrainian","vil",1
"2850","ukrainian","village",1
"2851","ultimate","decision",1
"2852","ultimate","reaction",1
"2853","ultimate","transformation",1
"2854","ultimately","relies",1
"2855","unbroken","tenure",1
"2856","uncommitted","nations",1
"2857","uncommon","responsi",1
"2858","underlying","pathology",1
"2859","understandable","differences",1
"2860","undertake","critical",1
"2861","undivided","responsibility",1
"2862","uneven","contest",1
"2863","unfair","noted",1
"2864","unfavorable","light",1
"2865","unflattering","terms",1
"2866","uninspiring","candidate",1
"2867","union","council",1
"2868","union","funds",1
"2869","union","leaders",1
"2870","union","nore",1
"2871","union","politics",1
"2872","union","tion",1
"2873","unions","twenty",1
"2874","unique","conditions",1
"2875","unit","larger",1
"2876","united","nations",1
"2877","united","political",1
"2878","university","inaugural",1
"2879","unjust","alike",1
"2880","unmistakable","hesitation",1
"2881","unparalleled","opportunity",1
"2882","unprecedented","feat",1
"2883","unpremeditated","war",1
"2884","unproductive","disposition",1
"2885","unquestioned","manufacturing",1
"2886","unremitting","discipline",1
"2887","unsaved","independent",1
"2888","unskilled","industrial",1
"2889","unusual","sense",1
"2890","unwarranted","invasion",1
"2891","upper","house",1
"2892","upstate","republican",1
"2893","ur","job",1
"2894","urban","registration.rules",1
"2895","urban","suburban",1
"2896","usefully","employing",1
"2897","utmost","energies",1
"2898","utter","detachment",1
"2899","vacations","means",1
"2900","valid","reason",1
"2901","valid","vote",1
"2902","van","published",1
"2903","variety","running",1
"2904","vast","borrowing",1
"2905","vast","importance",1
"2906","vast","southeastern",1
"2907","vast","sums",1
"2908","vastly","bigger",1
"2909","venerable","beauty",1
"2910","venerated","teachers",1
"2911","vice","chairof",1
"2912","vice","presidential",1
"2913","victory","enjoy",1
"2914","viet","boast",1
"2915","vigorous","prosecuted",1
"2916","vindictive","attacks",1
"2917","violently","opposed",1
"2918","vip","overlooked",1
"2919","virtually","disappeared",1
"2920","virulent","litical",1
"2921","vision","newsweek",1
"2922","vision","radio",1
"2923","visited","california",1
"2924","visited","naval",1
"2925","vital","issue",1
"2926","vital","matter",1
"2927","voluntary","associations",1
"2928","voluntary","organization",1
"2929","volunteer","workers",1
"2930","vote","cast",1
"2931","vote","dropped",1
"2932","vote","favored",1
"2933","vote","identify",1
"2934","vote","strategy",1
"2935","voted","democratic",1
"2936","voted","favorably",1
"2937","voters","decide",1
"2938","voters","failed",1
"2939","voters","poliis",1
"2940","votes","ahead",1
"2941","votes","mellsop",1
"2942","votes","polls",1
"2943","votes","putting",1
"2944","voting","districts",1
"2945","voting","qualifications",1
"2946","voting","records",1
"2947","voting","requirements",1
"2948","voting","rights",1
"2949","w.j","waring",1
"2950","wages","compared",1
"2951","wait","stevenson",1
"2952","war","annihilation",1
"2953","war","assured",1
"2954","war","bonds",1
"2955","war","captures",1
"2956","war","ii",1
"2957","war","tossing",1
"2958","war's","earlier",1
"2959","warren","harding",1
"2960","warren","nixon",1
"2961","warwick","leamington",1
"2962","washington","correspondents",1
"2963","washington","d.c",1
"2964","washington","freeman",1
"2965","waste","money",1
"2966","watch","slowly",1
"2967","wayne","farnsworth",1
"2968","wealth","political",1
"2969","weight","attached",1
"2970","welfare","elections",1
"2971","welfare","setup",1
"2972","west","circumstances",1
"2973","west","slight",1
"2974","western","kahsas",1
"2975","western","moral",1
"2976","whenhe","makes",1
"2977","wholeheartedly","tions",1
"2978","wholesale","corruption",1
"2979","wide","discussion",1
"2980","wide","diver",1
"2981","widely","acquainted",1
"2982","widely","published",1
"2983","widely","reported",1
"2984","widely","separated",1
"2985","widely","spread",1
"2986","wife","suggested",1
"2987","wife","tightening",1
"2988","william","burke",1
"2989","willkie","rep",1
"2990","willkie’s","influence",1
"2991","wilson","broke",1
"2992","wilson","disfranchised",1
"2993","wilson","doctrine",1
"2994","wilson","incapacity",1
"2995","witness","vannevar",1
"2996","wonderful","instruments",1
"2997","won’t","tells",1
"2998","woodrow","wilson",1
"2999","word","leadership",1
"3000","words","deep",1
"3001","workable","formula",1
"3002","worker","con",1
"3003","workers","call",1
"3004","workers","carry",1
"3005","workers","ighim",1
"3006","world","america’s",1
"3007","world","eisenhower’s",1
"3008","world","events",1
"3009","world","insulated",1
"3010","world","market",1
"3011","world","newsweek",1
"3012","world","war",1
"3013","worn","figure",1
"3014","wpb","representative",1
"3015","wright","observes",1
"3016","wright's","criticism",1
"3017","wrong","insurance",1
"3018","wuhart","history",1
"3019","year’s","residence",1
"3020","york","kansas",1
"3021","york","times",1
"3022","york","tribune",1
"3023","zealots","radical",1
